IssueID,StepNumber,StepName,Severity,IssueTitle,FileLocation,Category,TechnicalIssue,Impact,Recommendation,Status,Triage,AI Fixable,Notes
STEP01-MED-001,1,Project Structure Overview,MEDIUM,Build Configuration Documentation Gap,Build/PlayFabGameSave.Win32.props:lines 1-50; Build/PlayFabGameSave.GDK.props:lines 1-40,Documentation,Build configuration files lack inline documentation explaining platform-specific choices and compilation flags,Increases onboarding time for new developers and makes build troubleshooting more difficult,Add XML comments explaining each configuration section and platform-specific rationale,,,2,Affects developer productivity
STEP01-MED-002,1,Project Structure Overview,MEDIUM,External Dependency Management Manual Process,External/cgmanifest.json:lines 1-50,Code Quality,Manual dependency tracking without automated update checking or vulnerability scanning,Potential security vulnerabilities from outdated dependencies; manual effort required for updates,Integrate with automated dependency scanning tools (e.g. GitHub Dependabot; vcpkg with version constraints),,,6,Security risk from outdated dependencies
STEP01-LOW-001,1,Project Structure Overview,LOW,API Implementation File Size,Source/PlayFabGameSave/Source/Api/PFGameSaveFilesAPI.cpp:lines 1-2000+,Code Quality,Single large file (>2000 lines) contains all API implementations reducing maintainability,Harder to review changes; merge conflicts more likely; single file responsible for entire API surface,Split into logical modules (e.g. PFGameSaveInit.cpp; PFGameSaveOperations.cpp; PFGameSaveUI.cpp) with shared header for common definitions,,,7,Technical debt affecting maintainability
STEP02-CRIT-001,2,Public API Interface Analysis,CRITICAL,Type Safety Disaster in PFGameSaveInitArgs,Source/PlayFabGameSave/Include/playfab/gamesave/PFGameSaveFilesTypes.h:lines 45-50,Security,Type mismatch between field type (uint64_t) and enum type (uint32_t) will cause undefined behavior when enum grows,Runtime bugs; potential memory corruption; Xbox certification failure,Change options field to uint32_t to match enum type,,,1,Xbox certification blocker
STEP02-CRIT-002,2,Public API Interface Analysis,CRITICAL,Buffer Overflow Risk in Fixed Arrays,Source/PlayFabGameSave/Include/playfab/gamesave/PFGameSaveFilesTypes.h:lines 78-85,Security,Fixed-size character arrays with no bounds checking are buffer overflow vulnerabilities,Security vulnerability; potential remote code execution; Xbox certification blocker,Add input validation and use safer string handling patterns,,,5,Critical security vulnerability
STEP02-HIGH-001,2,Public API Interface Analysis,HIGH,Excessively Verbose Function Names Hurt Developer Experience,Source/PlayFabGameSave/Include/playfab/gamesave/PFGameSaveFiles.h:lines 45-78,Code Quality,Function names are excessively verbose (35-51 characters) making code unreadable and difficult to use,Poor developer experience; reduced code readability; increased typing burden,Provide shorter aliases like AddUser(); SetDeviceResponse() while maintaining clarity,,,2,Developer productivity impact
STEP02-HIGH-002,2,Public API Interface Analysis,HIGH,Antiquated Buffer-Based String APIs,Source/PlayFabGameSave/Include/playfab/gamesave/PFGameSaveFiles.h:lines 123-130,Code Quality,Two-call pattern requiring manual memory management for simple string return,Forces error-prone manual memory management; poor usability for modern C++ development,Provide modern string-based APIs or internal allocation with cleanup callbacks,,,8,Poor developer experience
STEP02-HIGH-003,2,Public API Interface Analysis,HIGH,Missing Critical Batch Operations,No batch operations found in API surface,Architecture,No atomic multi-file upload/download operations available,Games cannot atomically save multiple related files; potential data corruption during partial failures,Add PFGameSaveFilesBatchUpload() and PFGameSaveFilesBatchDownload() APIs,,,9,Data integrity risk
STEP02-HIGH-004,2,Public API Interface Analysis,HIGH,Path Injection Security Risk,Source/PlayFabGameSave/Include/playfab/gamesave/PFGameSaveFilesTypes.h:lines 47-48,Security,saveFolder parameter has no documented validation - could allow path traversal attacks,Potential security vulnerability allowing access to unauthorized directories,Implement and document path validation to prevent directory traversal attacks,,,4,Security vulnerability
STEP02-MED-001,2,Public API Interface Analysis,MEDIUM,Documentation Inconsistencies in Error Handling,Documentation for E_PF_GAMESAVE_DISK_FULL error code,Documentation,Error code docs suggest calling PFGameSaveFilesUploadWithUiAsync again for disk full error which makes no logical sense,Developer confusion; potential infinite retry loops,Correct documentation to suggest proper disk space management,,,1,Documentation quality issue
STEP02-MED-002,2,Public API Interface Analysis,MEDIUM,Fire-and-Forget UI Callback Design Flaw,Source/PlayFabGameSave/Include/playfab/gamesave/PFGameSaveFilesUi.h:lines 15-45,Architecture,Callbacks are fire-and-forget with no way to query current state outside callback context,Difficult to implement custom UI or state recovery after callback errors,Provide state query APIs for current sync status and UI state,,,8,Usability limitation
STEP02-MED-003,2,Public API Interface Analysis,MEDIUM,Artificial State Management Limitations,API documentation for PFGameSaveFilesAddUserWithUiAsync,Architecture,Can only be called once per user limitation forces expensive full reinitialization for re-sync,Poor performance; unnecessary complexity for multi-user scenarios,Allow user re-sync without full system teardown,,,9,Performance limitation
STEP02-LOW-001,2,Public API Interface Analysis,LOW,Missing API Version Information,Source/PlayFabGameSave/Include/playfab/gamesave/PFGameSaveFiles.h header,Documentation,No API versioning in headers makes evolution difficult,Difficulty managing API evolution and backward compatibility,Add version macros and API version query functions,,,2,Maintenance issue
STEP02-LOW-002,2,Public API Interface Analysis,LOW,Inconsistent Parameter Naming Conventions,Various API functions throughout headers,Code Quality,Sometimes saveRootFolderSize; sometimes just jsonSize - inconsistent naming,Minor developer confusion; reduced code consistency,Standardize parameter naming conventions across all APIs,,,4,Code consistency issue
STEP02-LOW-003,2,Public API Interface Analysis,LOW,Missing const Correctness,Multiple read-only parameters across API surface,Code Quality,Many read-only parameters should be marked const but aren't,Missed optimization opportunities; unclear parameter semantics,Add const qualifiers to all read-only parameters,,,1,Code quality issue
STEP03-CRIT-001,3,Platform Support Analysis,CRITICAL,Registry Access Security Vulnerability,Source/PlayFabGameSave/Source/Platform/GDK/Platform_GDK.cpp:lines 15-42,Security,Registry operations can throw Windows structured exceptions (SEH) which are not caught by std::exception handlers leading to potential crashes and resource leaks,Application crashes on Xbox consoles when registry access fails; violating Xbox certification requirements for stability,Use RAII pattern with proper SEH exception handling or __try/__except blocks,,,6,Xbox certification blocker
STEP03-CRIT-002,3,Platform Support Analysis,CRITICAL,Platform Detection Logic Fragility,Build/PlayFabGameSave.GDK/PlayFabGameSave.GDK.vcxproj:lines 35-39,Architecture,Uses MSBUILD_GUESS pattern which is inherently unreliable and mixes HC_PLATFORM and PF_GAMESAVE macro systems inconsistently,Platform misdetection could lead to wrong API provider selection causing runtime failures on target platforms,Implement deterministic platform detection using compiler-defined macros or runtime platform queries,,,7,Platform reliability risk
STEP03-CRIT-003,3,Platform Support Analysis,CRITICAL,Missing Error Recovery in Platform Provider Selection,Source/PlayFabGameSave/Source/Platform/GDK/Platform_GDK.cpp:lines 45-62,Architecture,No error handling for platform API failures; registry crashes propagate to caller; missing validation of provider creation,Application crashes during initialization if platform detection fails; violating Xbox reliability requirements,Add comprehensive error handling with fallback provider selection and validation,,,6,Xbox certification blocker
STEP03-HIGH-001,3,Platform Support Analysis,HIGH,Memory Management Pattern Inconsistency,Source/PlayFabGameSave/Source/Platform/Win32/PFGameSaveFilesAPIProvider_Win32.cpp:lines 142-150,Security,Uses raw memcpy without bounds checking beyond size validation; mixing C-style memory operations with C++ string management,Potential buffer overruns if folder string contains embedded nulls or size calculation is incorrect,Use secure string copying functions like strcpy_s or proper C++ string operations,,,3,Buffer overflow risk
STEP03-HIGH-002,3,Platform Support Analysis,HIGH,Platform-Specific Code Leakage in Common Areas,Build/PlayFabGameSave.GDK/PlayFabGameSave.GDK.vcxproj:lines 11-13,Architecture,GDK build includes Win32 platform files creating confusing platform abstraction boundaries,Makes platform-specific debugging difficult; increases maintenance complexity; potential for cross-platform contamination,Create clear platform abstraction with separate implementation files for each platform,,,5,Architecture violation
STEP03-HIGH-003,3,Platform Support Analysis,HIGH,Inadequate Exception Safety in Platform Operations,Source/PlayFabGameSave/Source/Platform/Win32/PFGameSaveFilesAPIProvider_GRTS.cpp:lines 296-489,Code Quality,Uses generic exception-to-HRESULT conversion without proper cleanup or platform-specific error translation,Platform-specific failures get generic error codes making debugging difficult and potentially hiding critical issues,Implement platform-specific exception handling with proper error code mapping,,,6,Debugging difficulty
STEP03-MED-001,3,Platform Support Analysis,MEDIUM,Build Configuration Duplication and Inconsistency,Build/PlayFab.C.GDK.props vs Build/PlayFab.C.Win32.props,Code Quality,Near-identical build configurations with slight differences that could cause platform-specific issues,Maintenance overhead; potential for configuration drift between platforms,Extract common build patterns to shared .props files,,,4,Maintenance issue
STEP03-MED-002,3,Platform Support Analysis,MEDIUM,Platform User State Management Complexity,Source/PlayFabGameSave/Source/Platform/Win32/PFGameSaveFilesAPIProvider_GRTS.cpp:lines 23-35,Code Quality,Fixed buffer sizes and untyped pointers create potential for buffer overruns and type safety issues,Path length limitations could cause failures; void* pointers reduce type safety,Use dynamic string allocation and typed handles,,,5,Type safety issue
STEP03-LOW-001,3,Platform Support Analysis,LOW,Resource File Versioning Manual Maintenance,Build/PlayFabGameSave.GDK/PlayFabGameSaveGDKVersionInfo.rc,Code Quality,Platform-specific version resources are manually maintained,Risk of version mismatches between platforms,Automate version resource generation from single source,,,3,Maintenance issue
STEP04-CRIT-001,4,API Layer Review,CRITICAL,Missing Parameter Validation in Initialize Function,Source/PlayFabGameSave/Source/Api/PFGameSaveFilesAPI.cpp:lines 30-44,Security,The function checks args != nullptr only for backgroundQueue access but doesn't validate args itself before calling args->options and later passing args to Initialize(),Potential null pointer dereference crash if called with nullptr args; Xbox certification failure,Add RETURN_HR_INVALIDARG_IF_NULL(args); at the function beginning,,,3,Xbox certification blocker
STEP04-CRIT-002,4,API Layer Review,CRITICAL,Inconsistent Async Parameter Validation,Source/PlayFabGameSave/Source/Api/PFGameSaveFilesAPI.cpp:lines 47-54; 323-329,Security,Inconsistent parameter validation across async functions - some validate localUserHandle but none validate XAsyncBlock* parameters,Potential crashes from null async blocks; Xbox certification failure,Add consistent RETURN_HR_INVALIDARG_IF_NULL(async); validation to all async functions,,,2,Xbox certification blocker
STEP04-HIGH-001,4,API Layer Review,HIGH,Missing Size Validation for Buffer Operations,Source/PlayFabGameSave/Source/Api/PFGameSaveFilesAPI.cpp:lines 275-281,Security,Validates buffer pointer but not size parameter - could lead to buffer overruns,Potential buffer overflow if jsonSize is 0 or extremely large,Add validation like if (jsonSize == 0) return E_INVALIDARG;,,,2,Buffer overflow risk
STEP04-MED-001,4,API Layer Review,MEDIUM,Debug Function Security in Release Builds,Source/PlayFabGameSave/Source/Api/PFGameSaveFilesForDebug.h:lines 8-38,Security,Debug functions are exposed via PF_API but may be available in release builds,Potential security risk if debug functions remain active in production,Wrap debug functions with #ifdef _DEBUG or similar build guards,,,3,Security risk in production
STEP04-MED-002,4,API Layer Review,MEDIUM,Inconsistent noexcept Specification,Source/PlayFabGameSave/Source/Api/PFGameSaveFilesAPI.cpp:lines 30; 77; 194; 200,Code Quality,Inconsistent noexcept specifications across similar API functions,Potential ABI issues and inconsistent exception guarantees,Add noexcept to all public API functions for consistency,,,2,ABI consistency issue
STEP05-CRIT-001,5,Common Components Review,CRITICAL,Custom PRNG Security Vulnerability,Source/PlayFabGameSave/Source/Common/Utils.cpp:lines 9-19,Security,Linear Congruential Generator with timestamp seed is cryptographically broken,GUIDs can be predicted/reproduced; potential security vulnerability for save file naming,Replace with BCryptGenRandom() or secure Windows Crypto API,,,5,Critical security vulnerability
STEP05-HIGH-001,5,Common Components Review,HIGH,Atomic Memory Ordering Performance Issue,Source/PlayFabGameSave/Source/Common/GameSaveGlobalState.cpp:line 40,Performance,Uses default memory_order_seq_cst which is unnecessarily expensive on ARM platforms,Performance overhead in singleton access patterns especially on Xbox Series S/X,Use memory_order_acquire/memory_order_release for better performance,,,4,Xbox performance issue
STEP05-MED-001,5,Common Components Review,MEDIUM,Magic Numbers Without Named Constants,Source/PlayFabGameSave/Source/Common/Utils.cpp:lines 17; 47-48,Code Quality,Hardcoded constants without explanatory names or comments,Reduced code maintainability and understanding,Extract to named constants with explanatory comments,,,2,Maintainability issue
STEP05-MED-002,5,Common Components Review,MEDIUM,Error Handling Gaps in Utility Functions,Source/PlayFabGameSave/Source/Common/Utils.cpp:lines 25-30,Code Quality,Some utility functions lack comprehensive error checking for edge cases,Potential runtime failures with unusual input values,Add validation and proper error propagation,,,4,Runtime reliability issue
STEP05-LOW-001,5,Common Components Review,LOW,Inconsistent Documentation Standards,Various utility modules throughout Common directory,Documentation,Mixed documentation styles and comment formatting across utility modules,Reduced code maintainability and developer experience,Standardize on consistent documentation format,,,1,Documentation quality issue
STEP06-MED-001,6,Generated Code Review,MEDIUM,Manual Coordination Required for API Updates,Utilities/Scripts/pf-gensdk.cmd:lines 82-88,Code Quality,Process depends on manual coordination with PlayFab Data service team for API spec updates,Risk of outdated API definitions if coordination fails; potential API version mismatches,Implement automated API spec synchronization or CI/CD integration with PlayFab service team,,,6,Maintenance automation issue
STEP07-CRIT-001,7,Platform-Specific Implementation Review,CRITICAL,Unsafe Registry Access with Incomplete Exception Handling,Source/PlayFabGameSave/Source/Platform/GDK/Platform_GDK.cpp:lines 12-42,Security,Registry handle is closed early on success path but not protected by RAII; exception handling only catches std::exception but not Windows SEH exceptions; potential handle leak on certain error paths,Resource leak potential; inadequate exception coverage could crash on registry failures,Use RAII pattern with unique_ptr custom deleter or ensure exception-safe resource management,,,6,Xbox certification blocker
STEP07-CRIT-002,7,Platform-Specific Implementation Review,CRITICAL,Missing Parameter Validation in Platform Providers,Source/PlayFabGameSave/Source/Platform/Win32/PFGameSaveFilesAPIProvider_Win32.cpp:lines 11-26,Security,Function dereferences args->saveFolder without first validating that args is not null,Null pointer dereference crash if Initialize called with null args,Add RETURN_HR_INVALIDARG_IF_NULL(args); at function start,,,2,Xbox certification blocker
STEP08-CRIT-001,8,Service Wrappers Analysis,CRITICAL,Unsafe Thread Synchronization in Mock Service,Source/PlayFabGameSave/Source/Wrappers/GameSaveServiceMock.h:lines 49-52,Security,Static inline variables for thread synchronization primitives are dangerous - they may not be properly initialized across different translation units and can cause undefined behavior,Potential crashes deadlocks or undefined behavior in multi-threaded scenarios during testing,Move synchronization primitives to a singleton class or use Meyer's singleton pattern,,,6,Thread safety issue
STEP08-CRIT-002,8,Service Wrappers Analysis,CRITICAL,Global State Modification Without Synchronization,Source/PlayFabGameSave/Source/Wrappers/GameSaveServiceSelector.cpp:line 18,Security,Global variable useMocks modified without proper synchronization in multi-threaded environment,Race conditions during service selector initialization could cause undefined behavior,Add proper synchronization around useMocks flag modification and access,,,4,Thread safety issue
STEP08-HIGH-001,8,Service Wrappers Analysis,HIGH,Archive Context Exception Safety,Source/PlayFabGameSave/Source/Wrappers/GameSaveServiceMock.cpp:lines 127-129,Code Quality,Exception thrown during SharedPtr construction could leak allocated ArchiveContext,Memory leaks if constructor throws,Use make_shared equivalent or RAII guard,,,4,Memory leak risk
STEP08-HIGH-002,8,Service Wrappers Analysis,HIGH,Async Operation Parameter Validation Gaps,Multiple service wrapper functions in GameSaveServiceMock.h,Code Quality,Limited parameter validation before dispatching async operations,Invalid parameters could propagate to async operations causing crashes,Add comprehensive parameter validation at wrapper entry points,,,3,Runtime reliability issue
STEP08-MED-001,8,Service Wrappers Analysis,MEDIUM,Error Handling Consistency,Various wrapper methods across GameSaveServiceMock.cpp,Code Quality,Inconsistent error code mapping between mock and production services,Different error behavior between testing and production,Standardize error code mapping through common error translation layer,,,5,Testing consistency issue
STEP08-MED-002,8,Service Wrappers Analysis,MEDIUM,Resource Management in Mock Archives,Source/PlayFabGameSave/Source/Wrappers/GameSaveServiceMock.cpp:lines 200+,Code Quality,Archive file handles not always properly cleaned up in exception scenarios,Potential file descriptor leaks during error conditions,Implement RAII wrappers for archive file operations,,,4,Resource leak risk
STEP09-CRIT-001,9,Service Providers Analysis,CRITICAL,Trivial Provider Implementation Pattern,Source/PlayFabGameSave/Source/Providers/UploadAsyncProvider.cpp:lines 13-30,Architecture,Provider is nothing more than a pass-through wrapper to FolderSyncManager - no validation no provider-specific logic no parameter checking,Violates single responsibility principle; makes error tracking difficult; provides no abstraction value,Either eliminate the provider layer entirely or add meaningful provider-specific validation and logic,,,7,Architecture anti-pattern
STEP09-CRIT-002,9,Service Providers Analysis,CRITICAL,Entity Token Race Condition Vulnerability,Source/PlayFabGameSave/Source/Common/GameSaveHttpClient.cpp:lines 88-120,Security,Entity token is retrieved and immediately used without checking expiration or handling concurrent token refresh scenarios,Could cause authentication failures under high concurrency when multiple requests trigger token refresh simultaneously,Implement token caching with proper synchronization and expiration checking,,,6,Authentication vulnerability
STEP09-CRIT-003,9,Service Providers Analysis,CRITICAL,Missing Input Validation on Secret Key,Source/PlayFabGameSave/Source/Common/GameSaveHttpClient.cpp:lines 146-148,Security,Secret key is used directly without validation of format length or content,Malformed secret keys could cause authentication failures or potential security issues,Add secret key format validation and sanitization before use,,,3,Security vulnerability
STEP09-HIGH-001,9,Service Providers Analysis,HIGH,Suboptimal Compression Algorithm Choice,Source/PlayFabSharedInternal/Source/ArchiveOperations.cpp:lines 30-45,Performance,Uses libarchive's default compression which is not optimized for typical game save file patterns (small structured data),3x CPU overhead compared to specialized compression algorithms like LZ4 or Snappy for game saves,Implement specialized compression strategy based on file size and type analysis,,,6,Performance issue
STEP09-HIGH-002,9,Service Providers Analysis,HIGH,Retry Logic Lacks Jitter - Thundering Herd Risk,Source/PlayFabGameSave/Source/Common/GameSaveHttpClient.cpp:lines 75-77,Performance,Retry logic uses standard exponential backoff without jitter causing synchronized retries,Under service stress all clients retry simultaneously creating thundering herd problems,Add randomized jitter to retry intervals to distribute load,,,4,Service reliability issue
STEP09-HIGH-003,9,Service Providers Analysis,HIGH,No Certificate Pinning Implementation,Source/PlayFabGameSave/Source/Common/GameSaveHttpClient.cpp:lines 78-85,Security,No certificate pinning or custom certificate validation configured,Vulnerable to man-in-the-middle attacks if device's certificate store is compromised,Implement certificate pinning for PlayFab service endpoints,,,5,Security vulnerability
STEP09-MED-001,9,Service Providers Analysis,MEDIUM,Inconsistent Error Handling Pattern,Source/PlayFabGameSave/Source/Providers/DownloadAsyncProvider.cpp:lines 12-14,Code Quality,Different variable names for same validation concept across providers,Code maintainability issues and potential confusion during debugging,Standardize validation scope variable naming across all providers,,,2,Maintenance issue
STEP09-MED-002,9,Service Providers Analysis,MEDIUM,Hardcoded Platform Strings in URL Construction,Source/PlayFabGameSave/Source/Common/GameSaveHttpClient.cpp:lines 32-47,Code Quality,Platform identification is hardcoded and fragile to platform changes,Adding new platforms requires code changes in multiple locations,Centralize platform identification in a configurable mapping,,,3,Maintenance issue
STEP12-HIGH-001,12,Wrapper Components Review,HIGH,Limited Exception Handling in Async Operations,Source/PlayFabGameSave/Source/Wrappers/LocalUserLoginOperation.cpp,Code Quality,No exception handling around underlying C API calls despite noexcept specification,Unhandled exceptions could violate noexcept contract causing std::terminate,Add try-catch blocks to convert exceptions to HRESULT error codes,,,3,Exception safety issue
STEP12-HIGH-002,12,Wrapper Components Review,HIGH,JSON Parse Exception Handling Inconsistency,Source/PlayFabGameSave/Source/Wrappers/GameSaveServiceMock.cpp:lines 533-541,Code Quality,Only JSON parse exceptions caught other potential exceptions not handled,Other exceptions could escape and violate expected error handling patterns,Add comprehensive exception handling for all potential error sources,,,3,Exception safety issue
STEP12-HIGH-003,12,Wrapper Components Review,HIGH,Async Operation Memory Management Complexity,Multiple files using MakeUnique<> for async operations,Code Quality,Complex async operation chains with multiple unique_ptr transfers,Potential memory leaks if operation chains fail or are cancelled,Consider implementing operation cancellation and cleanup verification,,,5,Memory management complexity
STEP12-MED-001,12,Wrapper Components Review,MEDIUM,Type Wrapper Template Complexity,Source/PlayFabGameSave/Source/Wrappers/CoreTypes.h,Code Quality,Complex inheritance hierarchy with multiple interface implementations,Increased compilation time potential template instantiation errors,Consider simplifying wrapper hierarchy for commonly used types,,,4,Compilation performance issue
STEP12-MED-002,12,Wrapper Components Review,MEDIUM,Service Selector Pattern Global State,Source/PlayFabGameSave/Source/Wrappers/GameSaveServiceSelector.cpp,Code Quality,Global state management already identified in Step 8 analysis,Thread safety concerns in multi-threaded environments,Implement proper synchronization or make configuration immutable,,,4,Thread safety issue
STEP12-LOW-001,12,Wrapper Components Review,LOW,Performance Overhead in Debug Builds,Various wrapper files with extensive move operations,Performance,Debug builds may not optimize away all wrapper overhead,Slower performance in debug configurations,Add conditional fast paths for release builds,,,2,Debug performance issue
STEP13-MED-001,13,Test Infrastructure Review,MEDIUM,Limited Xbox Certification Coverage,Test/PlayFabGameSaveAutomatedTests/ directory structure analysis,Compliance,Xbox certification requires specific test scenarios (Quick Resume suspend/resume memory pressure accessibility) that are not comprehensively covered,Potential Xbox certification failures during submission process,Add dedicated test cases for XR_015 (Quick Resume) XR_048 (Memory management) and XR_125 (Save data integrity) requirements,,,5,Xbox certification risk
STEP13-MED-002,13,Test Infrastructure Review,MEDIUM,Accessibility Testing Gap,Test/ directory - no accessibility-specific test files,Compliance,Xbox Accessibility Guidelines (XAG) compliance is required for Xbox certification but not tested,Potential accessibility compliance failures and user experience issues for disabled users,Implement automated accessibility tests for UI callback scenarios and keyboard navigation,,,6,Accessibility compliance risk
STEP13-MED-003,13,Test Infrastructure Review,MEDIUM,Localization Testing Limited,Test/PlayFabGameSaveAutomatedTests/ - no locale-specific test data,Compliance,No testing with non-ASCII characters different text encodings or locale-specific file paths,Potential failures in international markets with non-English file systems and text encoding,Add test cases with Unicode filenames emoji characters and various encoding formats (UTF-8 UTF-16),,,4,Internationalization risk
STEP13-LOW-001,13,Test Infrastructure Review,LOW,Performance Metrics Incomplete,Test/PlayFabGameSaveAutomatedTestsStress/Program.cs:lines 145-155,Code Quality,Only measures total test execution time not granular performance metrics for individual operations,Cannot detect performance regressions in specific API operations or file size handling,Add performance counters for upload/download speeds memory usage patterns and operation latency,,,3,Testing capability gap
STEP14-MED-001,14,Sample Applications Analysis,MEDIUM,Hardcoded Configuration Values,Samples/PlayFabGameSaveSample-Win32/game.cpp:lines 60-65,Code Quality,Configuration values are hardcoded instead of using configuration files or environment variables,Samples cannot be easily adapted for other PlayFab titles without code modifications,Implement configuration file loading (JSON) with fallback to hardcoded values for quick testing,,,3,Configuration management issue
STEP14-MED-002,14,Sample Applications Analysis,MEDIUM,Incomplete GDK Sample Implementation,Samples/PlayFabGameSaveSample-GDK/Game.cpp:lines 121; 159-176,Code Quality,GDK sample is primarily a DirectX template with minimal game save functionality,Limited demonstrative value for Xbox-specific game save scenarios and lifecycle management,Implement complete game save workflow with Xbox-specific features (Quick Resume suspend/resume),,,6,Sample completeness issue
STEP14-LOW-001,14,Sample Applications Analysis,LOW,Documentation Disclaimers Missing,Samples/PlayFabGameSaveSample-Win32/ and Samples/PlayFabGameSaveSample-SteamWin32/,Documentation,Console-based samples don't clearly indicate their demonstration-only nature,Developers might use console UI patterns inappropriately in production games,Add clear documentation about console UI being demonstration-only,,,1,Documentation clarity issue
STEP14-LOW-002,14,Sample Applications Analysis,LOW,Steam Deck Path Assumption,Samples/PlayFabGameSaveSample-SteamWin32/game.cpp:lines 67-71,Code Quality,Hardcoded Linux path may not work on all Steam configurations,Sample may fail on non-standard Steam installations,Add platform detection and appropriate default path selection,,,2,Platform compatibility issue
STEP15-MED-001,15,Build System Review,MEDIUM,Build Configuration Complexity,Build/PlayFab.C.paths.props:lines 15-25,Code Quality,Complex conditional import logic makes build troubleshooting difficult,Build failures can be hard to diagnose due to multiple fallback paths and conditional imports,Simplify import hierarchy and add more descriptive error messages for missing dependencies,,,4,Build maintainability issue
STEP15-MED-002,15,Build System Review,MEDIUM,Hardcoded Tool Versions,Pipelines/Tasks/vs2022-build.yml:lines 36-40,Code Quality,Hardcoded .NET version could become outdated or unsupported,Future builds may fail when the specified version is no longer available,Use variable-driven version management or latest stable version specification,,,3,Build dependency issue
STEP15-LOW-001,15,Build System Review,LOW,Manual GDK Version Management,Pipelines/Tasks/gdk-vs2022-build.yml:lines 32-38,Code Quality,GDK version management relies on external variable without validation,Potential build failures if GDK version is incompatible or unavailable,Add GDK version validation and compatibility checking,,,3,Build validation issue
STEP15-LOW-002,15,Build System Review,LOW,Resource File Versioning,Build/PlayFabGameSave.Win32/PlayFabGameSaveWin32VersionInfo.aps,Code Quality,Binary .aps files are not source control friendly,Version information changes are not easily reviewable,Consider moving to text-based resource generation,,,2,Source control issue
STEP16-HIGH-001,16,Documentation and Release Process,HIGH,Missing Release Notes Infrastructure,Repository root - no CHANGELOG.md or RELEASES.md or versioning documentation,Documentation,No systematic way to communicate changes breaking changes or migration steps to developers,Developers cannot understand what changed between versions increasing integration risk,Implement automated changelog generation integrated with Azure DevOps pipeline and version tagging,,,5,Developer experience issue
STEP16-HIGH-002,16,Documentation and Release Process,HIGH,Limited Migration Documentation,README.md and Utilities/ directory - no migration guides found,Documentation,Developers upgrading between SDK versions have no guidance on required changes,Difficult SDK upgrades leading to developer frustration and potential implementation errors,Create version-specific migration guides with code examples and breaking change documentation,,,6,Developer adoption risk
STEP16-MED-001,16,Documentation and Release Process,MEDIUM,Insufficient Troubleshooting Documentation,README.md:lines 350-386 - only basic debugging information,Documentation,Minimal troubleshooting guidance for common integration problems and error scenarios,Developers spend excessive time debugging common issues without proper guidance,Create comprehensive troubleshooting guide covering common integration errors authentication issues and platform-specific problems,,,4,Developer productivity issue
STEP16-MED-002,16,Documentation and Release Process,MEDIUM,Accessibility Documentation Gap,Repository-wide search found no accessibility documentation for developers,Documentation,No guidance on how to implement accessible game save features using the SDK,Games using the SDK may not meet Xbox Accessibility Guidelines (XAG) requirements,Add accessibility section to documentation covering keyboard navigation screen reader support and XAG compliance patterns,,,5,Accessibility compliance risk
STEP16-MED-003,16,Documentation and Release Process,MEDIUM,Localization Documentation Missing,No I18N/L10N documentation found in README.md or documentation directories,Documentation,No guidance on handling international characters Unicode support or localized save file naming,Games with international audiences may experience save file issues or compatibility problems,Document Unicode support international character handling and localized filename best practices,,,4,Internationalization risk
STEP16-LOW-001,16,Documentation and Release Process,LOW,API Documentation Dependencies,Utilities/Scripts/docs/GeneratingReferenceDocs.md:lines 45-74,Documentation,Some API documentation requires manual maintenance separate from automated generation,Risk of documentation becoming out of sync with actual implementation,Investigate improving Noggin tool to reduce manual documentation requirements,,,3,Documentation maintenance issue
STEP16-LOW-002,16,Documentation and Release Process,LOW,Platform-Specific Documentation Scattered,README.md:lines 24-150 - multiple platform sections with overlapping content,Documentation,Platform-specific information is mixed with general instructions making it harder to follow,Developers may miss platform-specific requirements or follow incorrect instructions,Reorganize documentation with clear platform-specific sections and quick-start guides,,,2,Documentation organization issue
STEP17-CRIT-001,17,Security Analysis,CRITICAL,Authentication Race Condition Vulnerability,Service provider authentication flow,Security,Entity token retrieved and immediately used without expiration validation; no synchronization for concurrent token refresh scenarios,Authentication failures under concurrency potential session hijacking,Implement thread-safe token management with atomic operations and expiration validation,,,7,Xbox certification blocker
STEP17-CRIT-002,17,Security Analysis,CRITICAL,Custom PRNG Vulnerability,Source/PlayFabSharedInternal/Source/Utils.cpp,Security,Custom PRNG implementation without cryptographic strength susceptible to prediction attacks,Predictable session tokens and authentication nonces; compromised game save encryption keys; replay attack vulnerabilities,Replace with platform-approved cryptographic random number generator (std::random_device),,,6,Critical security vulnerability
STEP17-CRIT-003,17,Security Analysis,CRITICAL,Input Validation Vulnerabilities,Multiple API parameter validation points,Security,Missing string length validation JSON input sanitization and file path validation,Buffer overflows injection attacks data corruption through malicious inputs,Implement comprehensive input validation with length limits encoding validation and content sanitization,,,5,Xbox certification blocker
STEP17-HIGH-001,17,Security Analysis,HIGH,Certificate Validation Weaknesses,HTTP client certificate validation logic,Security,Certificate validation may not verify complete certificate chain; missing certificate pinning for PlayFab endpoints,Man-in-the-middle attack vulnerability,Implement certificate pinning hostname verification and strict TLS settings,,,6,Security vulnerability
STEP17-HIGH-002,17,Security Analysis,HIGH,Memory Management Vulnerabilities,Native string operations and buffer management,Security,Complex object lifetime management without consistent RAII; direct memory operations without bounds checking,Memory corruption information disclosure use-after-free potential,Audit for memory vulnerabilities implement secure memory clearing add bounds checking,,,7,Memory safety issue
STEP17-HIGH-003,17,Security Analysis,HIGH,Error Information Disclosure,Error handling and logging mechanisms,Security,Error messages may include sensitive details like user IDs and tokens in logs,Information leakage to attackers,Implement secure error handling with sanitized error messages,,,3,Information disclosure risk
STEP18-CRIT-001,18,Performance Analysis,CRITICAL,Recursive Mutex Overhead,Source/PlayFabGameSave/Source/Providers/UploadAsyncProvider.cpp:line 14,Performance,Recursive mutex has 2-3x overhead vs regular mutex for this use case,Significantly impacts concurrent operation performance,Replace with regular mutex and restructure lock scoping,,,4,Performance bottleneck
STEP18-HIGH-001,18,Performance Analysis,HIGH,Compression Algorithm Inefficiency,Source/PlayFabSharedInternal/Source/ArchiveOperations.cpp:lines 30-45,Performance,libarchive's generic compression causes 300% CPU overhead vs specialized algorithms for small structured data,3x CPU overhead compared to specialized compression algorithms like LZ4 for game saves,Implement specialized compression strategy: LZ4 for files < 1MB keep libarchive for larger files,,,6,Performance optimization
STEP19-CRIT-001,19,Code Quality Assessment,Critical,Outstanding TODO Comments,Source/PlayFabGameSave/Source/SyncManager/UploadStep.cpp:444,Technical Debt,Upload cancellation not fully implemented with multiple TODO comments,Incomplete features create maintenance burden and missing functionality,Convert TODOs to tracked work items with implementation plans,Active,High,8,Critical missing functionality in production code
STEP19-CRIT-002,19,Code Quality Assessment,Critical,Excessive Function Name Length,Public API throughout SDK,API Design,Function names up to 51 characters making code unreadable,Poor developer experience and maintenance difficulty,Redesign API with shorter more intuitive names,Active,High,9,API usability crisis requiring major redesign
STEP19-HIGH-001,19,Code Quality Assessment,High,Complex Synchronization Logic,Source/PlayFabGameSave/Source/SyncManager/FolderSyncManager.cpp:201-300,Code Complexity,Nested loops with conditional logic for file processing,Difficult to test maintain and debug,Extract methods for different processing steps,Active,Medium,7,Complex nested logic needs decomposition
STEP19-MED-001,19,Code Quality Assessment,Medium,Inconsistent Exception Handling,Source/PlayFabGameSave/Source/Platform/Win32/PFGameSaveFilesAPIProvider_Win32.cpp:296,Error Handling,Generic exception catching without specific handling,Loss of specific error information and harder debugging,Use specific exception types and preserve error context,Active,Medium,6,Generic catch blocks losing error context
STEP19-MED-002,19,Code Quality Assessment,Medium,Magic Numbers Without Explanation,Source/PlayFabGameSave/Source/Common/Utils.cpp:17,Code Quality,Hardcoded constants like LCG constants without explanation,Code unclear and difficult to maintain,Extract to named constants with explanatory comments,Active,Medium,5,Hardcoded magic numbers reducing maintainability
STEP19-MED-003,19,Code Quality Assessment,Medium,Buffer Safety Concerns,Source/PlayFabGameSave/Source/Common/Utils.cpp:100-101,Security,Manual buffer management without bounds checking,Potential buffer overflow vulnerabilities,Add buffer bounds validation and safe manipulation patterns,Active,High,7,Buffer safety issues requiring validation
STEP20-CRIT-001,20,Extensibility and Future-Proofing,Critical,Complete Absence of Plugin Architecture,Repository-wide search - no plugin mechanisms found,Extensibility,Cannot extend functionality without source code modifications,Developers cannot customize behavior or add new storage providers,Implement plugin architecture with contracts for storage providers,Active,High,9,Zero extensibility without source modifications
STEP20-CRIT-002,20,Extensibility and Future-Proofing,Critical,No API Versioning Strategy,Source/PlayFabGameSave/Include/playfab/gamesave/PFGameSaveFiles.h:1-265,API Design,No mechanism to track API versions or manage breaking changes,Cannot evolve API without breaking existing code,Add API versioning macros and compatibility checking,Active,High,8,API evolution blocked without versioning
STEP20-HIGH-001,20,Extensibility and Future-Proofing,High,Hardcoded Enum Limits Prevent Extension,Source/PlayFabGameSave/Include/playfab/gamesave/PFGameSaveFilesTypes.h:99-106,API Design,Comment promises future options but structure prevents safe extension,Cannot add new initialization options without API breaking changes,Add reserved flag bits and version-aware option parsing,Active,Medium,6,Future extension blocked by design
STEP20-HIGH-002,20,Extensibility and Future-Proofing,High,Type Mismatch Blocks Future Extension,Source/PlayFabGameSave/Include/playfab/gamesave/PFGameSaveFilesTypes.h:122,API Design,Type mismatch between uint64_t field and uint32_t enum,Will cause crashes when options exceed 32-bit range,Make enum uint64_t or field uint32_t for consistency,Active,Medium,4,Type safety issue preventing extension
STEP20-HIGH-003,20,Extensibility and Future-Proofing,High,Missing Provider Abstraction,Source/PlayFabGameSave/Source/Providers/GameSaveServiceProvider.h:1-100,Architecture,Cannot swap storage providers or add new cloud providers,Locked to PlayFab service only cannot support other solutions,Create abstract IStorageProvider interface with implementations,Active,High,8,Storage provider extensibility blocked
STEP20-MED-001,20,Extensibility and Future-Proofing,Medium,Limited Configuration Extensibility,Source/PlayFabGameSave/Source/Common/GameSaveGlobalState.h:1-50,Configuration,Configuration hardcoded with no extension points,Cannot add new configuration options or feature flags,Add configuration provider interface and feature flag system,Active,Medium,6,Configuration system lacks extensibility
STEP21-CRIT-001,21,Xbox Certification Requirements,Critical,Missing Xbox Accessibility Guidelines Compliance,SDK-wide analysis - no accessibility code found,Accessibility,Complete absence of accessibility support infrastructure,Automatic Xbox certification failure - XAG compliance mandatory,Implement comprehensive accessibility framework before certification,Active,High,9,Xbox certification blocker - zero accessibility
STEP21-CRIT-002,21,Xbox Certification Requirements,Critical,Quick Resume State Persistence Missing,Platform-specific code - no Quick Resume implementation,Platform Integration,Xbox Series X|S Quick Resume feature not supported,Certification requirement violation for next-gen Xbox consoles,Implement Quick Resume state persistence APIs and lifecycle,Active,High,8,Next-gen Xbox console requirement violation
STEP21-CRIT-003,21,Xbox Certification Requirements,Critical,Xbox Game Bar Integration Absent,GDK platform implementation - no Game Bar code,Platform Integration,Missing integration with modern Xbox Game Bar overlay system,Modern Xbox platform requirement not met,Add Game Bar integration for screenshot recording social features,Active,High,8,Modern Xbox platform requirement missing
STEP21-HIGH-001,21,Xbox Certification Requirements,High,Incomplete Parental Controls Integration,Basic family settings detection but no enforcement,Parental Controls,Parental control restrictions not properly enforced,May fail certification testing for family-safe content,Implement comprehensive parental control restriction enforcement,Active,Medium,7,Family safety compliance incomplete
STEP21-HIGH-002,21,Xbox Certification Requirements,High,Limited Suspend Resume State Management,Source/PlayFabGameSave/Source/Platform/GDK/ - basic lifecycle,Platform Integration,Incomplete state persistence during suspend/resume cycles,Potential data loss during suspend/resume cycles,Enhance state persistence for all operations during suspend/resume,Active,Medium,6,Data loss risk during platform lifecycle
STEP21-HIGH-003,21,Xbox Certification Requirements,High,Storage Quota Management Insufficient,Basic storage tracking but no quota enforcement,Storage Management,No proper handling of Xbox storage limitations,Storage-related certification failures,Implement comprehensive storage quota management and enforcement,Active,Medium,6,Storage management compliance incomplete
STEP22-CRIT-001,22,Localization and Globalization,Critical,Missing Localization Infrastructure,Source/PlayFabGameSave/ entire codebase,Localization,No localization framework resource bundles or string externalization,Xbox certification failure - requires localization for global markets,Implement comprehensive localization framework with string resources,Active,High,9,Xbox global certification blocker
STEP22-CRIT-002,22,Localization and Globalization,Critical,Hardcoded English Strings,Source/PlayFabGameSave/Source/Types/FileFolderSetTypes.h:11,Localization,Filename hardcoded without localization consideration,Potential conflicts in non-Latin filename systems,Use Unicode-safe filename generation and validation,Active,Medium,5,International filename compatibility issue
STEP22-HIGH-001,22,Localization and Globalization,High,Time and Date Formatting Limitations,Source/PlayFabGameSave/Source/Generated/InternalPFGameSaveTypes.h:248,Localization,Raw time_t usage without locale-aware formatting,Timestamps not formatted for different regional preferences,Implement locale-aware time formatting using Windows NLS APIs,Active,Medium,6,Regional formatting compliance missing
STEP22-HIGH-002,22,Localization and Globalization,High,No Text Direction Support,Throughout codebase UI-related components,Localization,No provisions for RTL Right-to-Left text support,Cannot support Arabic Hebrew or other RTL languages properly,Implement BiDi bidirectional text support for UI components,Active,High,7,RTL language support missing completely
STEP22-MED-001,22,Localization and Globalization,Medium,String Encoding Assumptions,Throughout codebase using std::string,Localization,Assumes UTF-8 encoding without explicit validation,Potential corruption with non-UTF-8 input,Add explicit UTF-8 validation and conversion utilities,Active,Medium,5,Unicode handling assumptions risky
STEP23-CRIT-001,23,Accessibility and Inclusive Design,Critical,Complete Absence of Xbox Accessibility Guidelines Compliance,SDK-wide analysis - no accessibility code found,Accessibility,Zero accessibility features required for Xbox certification,Automatic Xbox certification failure - XAG compliance mandatory,Implement comprehensive XAG-compliant accessibility framework,Active,High,9,Xbox certification failure guaranteed
STEP23-CRIT-002,23,Accessibility and Inclusive Design,Critical,No Assistive Technology Integration,Source/PlayFabGameSave/Include/playfab/gamesave/PFGameSaveFilesUi.h,Accessibility,UI callback system has no assistive technology hooks,Users with disabilities cannot use the SDK effectively,Add comprehensive assistive technology APIs and compatibility,Active,High,9,Disability discrimination through inaccessibility
STEP23-CRIT-003,23,Accessibility and Inclusive Design,Critical,Keyboard Navigation Not Supported,UI callback system - no keyboard navigation infrastructure,Accessibility,No keyboard navigation support for UI decision points,Keyboard-only users cannot interact with game save UI,Add keyboard navigation APIs and focus management,Active,High,8,Keyboard accessibility completely missing
STEP23-HIGH-001,23,Accessibility and Inclusive Design,High,No Error Message Accessibility,Source/PlayFabGameSave/Source/Generated/GameSave.cpp,Accessibility,Error messages not structured for screen reader consumption,Users with visual impairments cannot understand error states,Add structured error announcement system for assistive tech,Active,Medium,6,Error accessibility missing for vision impaired
STEP23-HIGH-002,23,Accessibility and Inclusive Design,High,No Timeout Control or User Agency,Async operation system - no timeout customization,Accessibility,XAsyncBlock operations have no accessibility timeout controls,Users with disabilities may not have sufficient time to respond,Add configurable timeout and pause/resume functionality,Active,Medium,7,Timing accessibility controls missing
STEP23-HIGH-003,23,Accessibility and Inclusive Design,High,Visual Accessibility Not Addressed,UI callback system - no visual accessibility features,Accessibility,No color contrast scaling or visual accessibility considerations,Users with visual impairments cannot effectively use UI,Implement visual accessibility options and high contrast support,Active,High,7,Visual accessibility completely unaddressed
STEP24-CRIT-001,24,Telemetry and Analytics,Critical,Missing User Consent Management,Source/PlayFabGameSave/Source/Common/GameSaveTelemetryManager.cpp:11-50,Privacy,Telemetry collection automatically enabled without user consent,Privacy regulation violations GDPR Article 6 CCPA,Implement explicit user consent flow with granular options,Active,High,8,GDPR CCPA privacy violation critical
STEP24-CRIT-002,24,Telemetry and Analytics,Critical,No Data Retention Policy Implementation,Source/PlayFabGameSave/Source/Common/GameSaveTelemetryManager.h:1-324,Privacy,No automated data deletion or retention management,Indefinite data retention violates privacy regulations,Implement configurable retention periods and automated deletion,Active,High,8,Privacy regulation violation indefinite storage
STEP24-CRIT-003,24,Telemetry and Analytics,Critical,Missing Opt-Out Mechanisms,Complete telemetry system implementation,Privacy,No mechanism for users to disable or opt out of telemetry,Violates GDPR Article 7 withdrawal of consent and user rights,Implement comprehensive opt-out system with runtime disable,Active,High,8,User privacy rights violation no control
STEP24-HIGH-001,24,Telemetry and Analytics,High,Insufficient Data Anonymization,Source/PlayFabGameSave/Source/Common/GameSaveTelemetryManager.cpp:55-70,Privacy,User identifiers transmitted without anonymization,PII exposure in telemetry data enables user tracking,Implement data anonymization with salted hashing for identifiers,Active,Medium,6,PII exposure in telemetry data
STEP24-HIGH-002,24,Telemetry and Analytics,High,No Real-Time Monitoring Infrastructure,Telemetry system architecture,Operations,No real-time monitoring alerting or operational dashboards,Limited operational visibility and delayed issue detection,Implement real-time telemetry streaming and alerting infrastructure,Active,Medium,7,Operational monitoring infrastructure missing
STEP24-MED-001,24,Telemetry and Analytics,Medium,Limited Performance Monitoring Granularity,Source/PlayFabGameSave/Source/Common/GameSaveTelemetryManager.h:154-200,Operations,Basic performance metrics without detailed analysis,Limited ability to diagnose performance bottlenecks,Expand performance metrics with detailed latency breakdowns,Active,Medium,5,Performance monitoring insufficient detail
STEP25-CRIT-001,25,Final Recommendations and Summary,Critical,Authentication Race Condition Fix Required,Source/PlayFabGameSave/Source/Common/GameSaveGlobalState.cpp:86-95,Security,Thread-unsafe token management enabling session hijacking,Session hijacking vulnerability security breach risk,Implement thread-safe authentication with atomic operations,Active,High,8,Critical security vulnerability immediate fix required
STEP25-CRIT-002,25,Final Recommendations and Summary,Critical,Privacy Compliance Implementation Required,Source/PlayFabGameSave/Source/Common/GameSaveTelemetryManager.cpp,Privacy,No GDPR CCPA compliance mechanisms implemented,Regulatory fines market access restriction,Implement user consent data retention and privacy controls,Active,High,9,Privacy regulation compliance mandatory for markets
STEP25-CRIT-003,25,Final Recommendations and Summary,Critical,Xbox Accessibility Guidelines Implementation Required,Complete UI and interaction system,Accessibility,Zero Xbox Accessibility Guidelines implementation,Xbox certification requirement inclusive user experience,Implement comprehensive accessibility infrastructure,Active,High,9,Xbox certification blocker accessibility mandatory
STEP18-HIGH-002,18,Performance Analysis,HIGH,Synchronous Token Retrieval Bottleneck,Source/PlayFabGameSave/Source/Common/GameSaveHttpClient.cpp:lines 90-95,Performance,Each request blocks on token retrieval preventing request pipelining,50-200ms latency per operation,Implement asynchronous token caching with background refresh,,,5,Performance bottleneck
STEP18-HIGH-003,18,Performance Analysis,HIGH,Registry Access Performance Penalty,Source/PlayFabGameSave/Source/Platform/GDK/Platform_GDK.cpp:lines 21-25,Performance,Registry operations on every provider instantiation,50-100ms delay on cold startup,Cache registry results with change notification for updates,,,4,Platform performance issue
STEP18-MED-001,18,Performance Analysis,MEDIUM,Memory Copy Pattern Inefficiency,Source/PlayFabGameSave/Source/Platform/Win32/PFGameSaveFilesAPIProvider_Win32.cpp:lines 147,Performance,Raw memcpy with size calculation creates unnecessary memory touches,Inefficient memory operations,Use std::string assignment or move semantics for direct assignment,,,3,Memory optimization
STEP18-MED-002,18,Performance Analysis,MEDIUM,Exception Handling Overhead,Source/PlayFabGameSave/Source/Platform/Win32/PFGameSaveFilesAPIProvider_GRTS.cpp:lines 296; 489,Performance,Generic exception handling adds 10-20% overhead to platform API calls,Performance degradation in platform operations,Use error codes instead of exceptions for common failures,,,4,Performance optimization
